{"cameraMode":{"drawMode":0,"name":"Shaded","section":"Shading Mode"},"sceneLighting":false,"audioPlay":false,"sceneViewState":{"m_AlwaysRefresh":false,"showFog":true,"showSkybox":false,"showFlares":true,"showImageEffects":true,"showParticleSystems":true,"showVisualEffectGraphs":true,"m_FxEnabled":true},"in2DMode":false,"pivot":{"x":-0.0020302534103393556,"y":0.7560255527496338,"z":0.5640838146209717},"rotation":{"x":-0.045546405017375949,"y":0.8588302135467529,"z":-0.07782938331365586,"w":-0.5040215849876404},"size":1.8612823486328126,"orthographic":false}