{"cameraMode":{"drawMode":0,"name":"Shaded","section":"Shading Mode"},"sceneLighting":false,"audioPlay":false,"sceneViewState":{"m_AlwaysRefresh":false,"showFog":true,"showSkybox":false,"showFlares":true,"showImageEffects":true,"showParticleSystems":true,"showVisualEffectGraphs":true,"m_FxEnabled":true},"in2DMode":false,"pivot":{"x":0.28600001335144045,"y":-0.41295212507247927,"z":0.6890000104904175},"rotation":{"x":-0.047647491097450259,"y":0.7894814014434815,"z":-0.0620342418551445,"w":-0.6085690259933472},"size":0.29416608810424807,"orthographic":false}