{"cameraMode":{"drawMode":0,"name":"Shaded","section":"Shading Mode"},"sceneLighting":false,"audioPlay":false,"sceneViewState":{"m_AlwaysRefresh":false,"showFog":true,"showSkybox":false,"showFlares":true,"showImageEffects":true,"showParticleSystems":true,"showVisualEffectGraphs":true,"m_FxEnabled":true},"in2DMode":false,"pivot":{"x":-0.006072044372558594,"y":0.5186641216278076,"z":0.5731503963470459},"rotation":{"x":-0.045546405017375949,"y":0.8588302135467529,"z":-0.07782938331365586,"w":-0.5040215849876404},"size":1.7303781509399415,"orthographic":false}