{"cameraMode":{"drawMode":0,"name":"Shaded","section":"Shading Mode"},"sceneLighting":false,"audioPlay":false,"sceneViewState":{"m_AlwaysRefresh":false,"showFog":true,"showSkybox":false,"showFlares":true,"showImageEffects":true,"showParticleSystems":true,"showVisualEffectGraphs":true,"m_FxEnabled":true},"in2DMode":false,"pivot":{"x":0.219268798828125,"y":4.500664234161377,"z":-0.4124024510383606},"rotation":{"x":-0.010770278982818127,"y":0.8360887765884399,"z":-0.016623057425022126,"w":-0.5480199456214905},"size":5.8542561531066898,"orthographic":false}